Time,Price,Bid Wall,Bid Wall Scale,Ask Wall,Ask Wall Scale,Total Bid/Ask Ratio,1min Volume,5min Volume,24h Volume
2017-08-22T22:06:27.932Z,313.985,312.76,2.370460048,315.34,6.06098669,0.570196106,1.42934579,213.6342785,210871.3481
2017-08-22T22:06:29.958Z,313.985,313.02,1.83211677,315.32,5.048673724,0.790712765,1.42934579,213.6342785,210871.3481
2017-08-22T22:06:32.174Z,313.985,313.02,1.83211677,315,1.315009463,1.512534127,0.00311168,213.6342785,210871.3481
2017-08-22T22:06:34.237Z,313.985,313.02,2.146312504,315,0.930333125,1.667940455,,213.6342785,210871.3481
2017-08-22T22:06:36.222Z,313.985,313.02,1.83211677,315.29,1.475916614,1.290291223,0.00311168,213.6342785,210871.3481
2017-08-22T22:06:38.247Z,313.985,313.02,1.83211677,315,0.851324064,1.849337489,0.00311168,213.6342785,210871.3481
2017-08-22T22:06:40.208Z,313.985,313.02,2.146312504,315.51,2.27489018,1.222893978,0.00311168,213.6342785,210871.3481
2017-08-22T22:06:42.187Z,313.985,313.02,2.33211677,315.51,2.27489018,1.060968167,36.981818,213.6342785,210871.3481
2017-08-22T22:06:44.158Z,313.985,313.02,2.33211677,315.49,2.096612951,1.177170363,0.00311168,213.6342785,210871.3481
2017-08-22T22:06:46.117Z,313.985,313.02,2.33211677,315.37,2.445568014,1.225864566,0.00311168,213.6342785,210871.3481
2017-08-22T22:06:48.073Z,313.985,313.02,2.33211677,315.37,2.024577074,1.110249921,36.981818,213.6342785,210871.3481
2017-08-22T22:06:50.202Z,313.985,313.02,2.104381815,315.37,2.024577074,1.288702155,36.98334204,213.6342785,210871.3481
2017-08-22T22:06:58.074Z,313.985,313.02,2.060244443,315.35,2.524578254,0.875314569,36.981818,213.6342785,210871.3481
2017-08-22T22:06:60.009Z,313.985,313.02,1.83231677,315,0.851324064,1.465833161,,,210871.3481
2017-08-22T22:07:01.955Z,313.985,313.49,2.463172625,315.49,2.096612951,0.850990996,36.981818,213.6342785,210871.3481
2017-08-22T22:07:04.256Z,313.985,313.49,2.735593933,315.43,2.497777035,0.759690061,36.981818,213.6342785,210871.3481
2017-08-22T22:07:06.352Z,313.985,313.49,2.735593933,315.43,2.497777035,0.743718226,36.981818,213.6342785,210871.3481
2017-08-22T22:07:08.211Z,313.985,313.51,2.592854785,315.4,4.456133384,0.729044801,36.981818,213.6342785,210871.3481
2017-08-22T22:07:10.269Z,313.985,313.51,2.592854785,315.37,2.024577074,1.186700346,36.981818,213.6342785,210871.3481
2017-08-22T22:07:12.237Z,313.975,313.51,2.621050538,315.37,2.474077074,1.19823967,36.981818,213.6342785,210871.3481
2017-08-22T22:07:14.282Z,313.975,313.51,2.396509358,315.36,2.479077664,1.12841896,36.981818,213.6342785,210871.3481
2017-08-22T22:07:16.247Z,313.975,313.51,2.396509358,315.36,2.479077664,1.156205539,36.981818,213.6342785,210871.3481
2017-08-22T22:07:18.252Z,313.975,313.51,2.396509358,315.36,2.479077664,1.146401366,36.981818,213.6342785,210871.3481
2017-08-22T22:07:20.247Z,313.975,313.51,2.403297656,315.35,2.47816164,1.133280806,36.981818,213.6342785,210871.3481
2017-08-22T22:07:22.384Z,313.975,313.51,2.627838836,315.35,2.47816164,1.176105837,36.981818,213.6342785,210871.3481
2017-08-22T22:07:24.786Z,313.975,313.51,2.627838836,314.92,1.015138912,1.775959278,36.981818,213.6342785,210871.3481
2017-08-22T22:07:26.956Z,313.975,313.51,2.627838836,314.92,1.015138912,2.403934779,36.981818,213.6342785,210871.3481
2017-08-22T22:07:29.488Z,313.975,313.51,2.403297656,315.51,2.03895218,1.382217054,36.981818,213.6342785,210871.3481
2017-08-22T22:07:32.154Z,313.975,313.51,2.403297656,314.92,1.012378912,1.289673652,1.11280438,213.6342785,210871.3481
2017-08-22T22:07:34.711Z,313.975,313.51,2.403297656,315.43,2.473077035,1.108981247,1.11280438,75.1368613,210871.3481
2017-08-22T22:07:37.157Z,313.975,313.51,2.627838836,315.43,2.473077035,1.135911563,1.11280438,75.1368613,210871.3481
2017-08-22T22:07:39.238Z,314.135,313.51,1.76717904,315.43,2.473077035,1.19370716,1.11280438,75.1368613,210871.3481
2017-08-22T22:07:41.277Z,314.135,313.51,2.26717904,314.92,1.48876,1.454901896,1.11280438,75.1368613,210871.3481
2017-08-22T22:07:43.440Z,314.135,313.51,1.76717904,314.92,1.012378912,2.167685082,,75.1368613,210871.3481
2017-08-22T22:07:45.627Z,314.135,313.51,1.76717904,314.92,1.012378912,2.151723402,1.11280438,75.1368613,210871.3481
2017-08-22T22:07:47.604Z,314.135,313.51,1.76717904,314.92,1.012378912,2.089949403,1.11280438,75.1368613,210871.3481
2017-08-22T22:07:49.571Z,314.135,313.51,1.76717904,314.92,1.012378912,1.708519321,1.11280438,75.1368613,210871.3481
2017-08-22T22:07:51.639Z,314.135,313.51,1.76717904,314.92,1.012378912,1.747372955,1.11280438,75.1368613,210871.3481
2017-08-22T22:07:53.656Z,314.135,313.51,1.76717904,314.92,1.012378912,2.154922829,1.11280438,75.1368613,210871.3481
2017-08-22T22:07:55.794Z,314.135,313.51,1.76717904,314.92,1.012378912,1.499541004,1.11280438,75.1368613,210871.3481
2017-08-22T22:07:57.801Z,314.135,313.83,2.411766453,315.56,2.25729005,1.003306073,1.11280438,75.1368613,210871.3481
2017-08-22T22:07:59.765Z,313.995,313.76,2.904375516,314.92,1.55376,1.321726078,,,210871.3481
2017-08-22T22:08:01.653Z,314.06,313.84,1.79265222,315,1.156991341,1.586272113,1.11280438,75.1368613,210871.3481
2017-08-22T22:08:03.661Z,314.135,313.84,1.91932222,315,0.851324064,1.230514962,,75.1368613,210871.3481
2017-08-22T22:08:05.820Z,314.135,313.84,2.070038786,315,1.545656788,1.54562143,1.11280438,75.1368613,210871.3481
2017-08-22T22:08:07.887Z,314.135,313.84,2.070038786,315,1.351324064,2.625005797,1.11280438,75.1368613,210871.3481
2017-08-22T22:08:09.851Z,314.135,313.84,2.070038786,315,1.545656788,1.811251376,1.11280438,75.1368613,210871.3481
2017-08-22T22:08:11.950Z,314.135,313.84,2.285201929,315.58,0.944119444,2.153999708,1.11280438,75.1368613,210871.3481
2017-08-22T22:08:13.931Z,314.135,313.98,1.748900079,315.58,0.944119444,1.473600562,1.11280438,75.1368613,210871.3481
2017-08-22T22:08:15.849Z,314.135,313.98,1.875770079,315.58,0.944119444,1.788096862,1.11280438,75.1368613,210871.3481
2017-08-22T22:08:17.797Z,314.075,313.98,1.774512902,315,0.851324064,1.441783613,1.11280438,75.1368613,210871.3481
2017-08-22T22:08:19.734Z,314.085,313.98,1.648439313,315,1.239989511,0.902387556,1.11280438,75.1368613,210871.3481
2017-08-22T22:08:21.770Z,314.24,313.98,1.634542902,315,1.239989511,1.696518844,1.11280438,75.1368613,210871.3481
2017-08-22T22:08:23.719Z,314.245,313.98,1.634542902,315,1.239989511,1.648707684,2.6191455,75.1368613,210871.3481
2017-08-22T22:08:25.749Z,314.255,313.98,1.634542902,315,1.268325894,2.199374717,2.6191455,75.1368613,210871.3481
2017-08-22T22:08:27.801Z,314.255,313.98,1.634542902,315,0.851324064,2.718331424,2.6191455,75.1368613,210871.3481
2017-08-22T22:08:29.845Z,314.255,313.98,1.634542902,315,1.351324064,1.708656011,2.6191455,75.1368613,210871.3481
2017-08-22T22:08:31.803Z,314.255,313.98,1.709910358,314.99,1.824153582,1.514196028,2.6191455,75.1368613,210871.3481
2017-08-22T22:08:33.790Z,314.365,313.98,1.761292902,314.99,2.184482645,1.381694915,2.6191455,75.1368613,210871.3481
2017-08-22T22:08:35.796Z,314.5,314.06,1.85893952,315.86,2.121999911,0.589113767,2.6191455,75.1368613,210871.3481
2017-08-22T22:08:37.944Z,314.5,314.08,2.760429528,315.85,3.2231008,0.765553228,2.6191455,75.1368613,210871.3481
2017-08-22T22:08:39.955Z,314.515,314.08,2.760429528,315.85,5.251326951,0.627529754,2.6191455,75.1368613,210871.3481
2017-08-22T22:08:42.028Z,314.515,314.08,2.80886242,315.82,2.654886866,0.932398686,2.6191455,75.1368613,210871.3481
2017-08-22T22:08:44.009Z,314.515,314.08,2.675632033,315.81,2.56202884,0.912925889,2.6191455,75.1368613,210871.3481
2017-08-22T22:08:45.998Z,314.515,314.08,2.675632033,315.81,2.167087766,0.752595682,2.6191455,75.1368613,210871.3481
2017-08-22T22:08:48.112Z,314.515,314.08,2.675632033,315.81,2.167087766,0.977297339,2.6191455,75.1368613,210871.3481
2017-08-22T22:08:50.313Z,314.515,314.08,2.675632033,315.81,2.635987766,0.901177369,2.6191455,75.1368613,210871.3481
2017-08-22T22:08:52.411Z,314.515,314.08,2.442088565,315.78,2.753648134,0.714957931,2.6191455,75.1368613,210871.3481
2017-08-22T22:08:54.430Z,314.515,314.08,2.442088565,315.78,2.711548134,0.650480111,2.6191455,75.1368613,210871.3481
2017-08-22T22:08:56.519Z,314.515,314.08,2.211261389,315.78,2.711548134,0.576302547,2.6191455,75.1368613,210871.3481
2017-08-22T22:08:58.475Z,314.515,313.83,2.10030119,315.78,2.279148134,0.902282489,2.6191455,75.1368613,210871.3481
2017-08-22T22:08:60.459Z,314.515,313.83,2.567752773,314.52,2.48338444,0.712070717,,,210871.3481
2017-08-22T22:09:02.464Z,314.515,313.83,2.659522773,314.52,2.48338444,0.653843439,52.25994255,75.1368613,210871.3481
2017-08-22T22:09:04.731Z,314.515,313.85,3.37743683,314.52,2.48413444,0.872439461,52.25994255,75.1368613,210871.3481
2017-08-22T22:09:06.755Z,314.515,313.83,2.361382101,314.52,2.48163444,0.690528576,52.25994255,75.1368613,210871.3481
2017-08-22T22:09:09.075Z,314.515,313.76,3.460079496,314.52,2.48153444,0.743451785,52.25994255,75.1368613,210871.3481
2017-08-22T22:09:11.500Z,314.515,313.76,3.470376636,314.52,2.48163444,0.752334811,,75.1368613,210871.3481
2017-08-22T22:09:13.613Z,314.515,313.76,5.076103626,314.52,2.481619224,0.767798698,52.25994255,75.1368613,210871.3481
2017-08-22T22:09:15.670Z,314.515,313.77,2.23291685,314.52,2.481619224,0.693268484,52.25994255,75.1368613,210871.3481
2017-08-22T22:09:17.759Z,314.515,313.77,2.23291685,314.52,2.538310238,0.68743786,52.25994255,75.1368613,210871.3481
2017-08-22T22:09:19.844Z,314.515,313.77,2.225193997,314.52,2.581519224,0.69792723,52.25994255,75.1368613,210871.3481
2017-08-22T22:09:21.899Z,314.515,313.8,2.275649954,314.52,2.581619224,0.732391091,52.25994255,75.1368613,210871.3481
2017-08-22T22:09:23.961Z,314.515,313.8,2.275649954,314.52,2.581619224,0.725334101,52.25994255,75.1368613,210871.3481
2017-08-22T22:09:26.046Z,314.515,313.79,2.25476713,314.52,2.581619224,0.722227913,52.25994255,75.1368613,210871.3481
2017-08-22T22:09:28.067Z,314.515,313.75,1.411668046,314.52,2.581519224,0.48685144,52.25994255,75.1368613,210871.3481
2017-08-22T22:09:30.117Z,314.515,313.31,1.76242761,314.52,2.627419224,0.719406817,52.25994255,75.1368613,210871.3481
2017-08-22T22:09:32.133Z,314.515,313.31,1.76242761,314.52,2.627404009,0.742449301,52.25994255,75.1368613,210871.3481
2017-08-22T22:09:34.201Z,314.515,313.31,1.76242761,314.52,2.627404009,0.717149703,52.25994255,75.1368613,210871.3481
2017-08-22T22:09:36.526Z,314.515,313.76,3.487097865,314.52,2.627404009,0.685455808,52.25994255,75.1368613,210871.3481
2017-08-22T22:09:39.004Z,314.42,313.76,3.519367865,315.4,2.031592859,0.683592524,52.25994255,75.1368613,210871.3481
2017-08-22T22:09:40.978Z,314.355,313.76,3.599435087,315.4,2.031592859,0.706729793,52.25994255,75.1368613,210871.3481
2017-08-22T22:09:42.921Z,314.355,313.76,3.472335087,315.4,2.031592859,0.672998399,52.25994255,75.1368613,210871.3481
2017-08-22T22:09:44.962Z,314.355,313.76,3.357143858,315.4,2.031592859,0.657513795,52.25994255,75.1368613,210871.3481
2017-08-22T22:09:46.958Z,314.355,313.76,5.029682432,315.39,4.062321744,0.722973483,52.25994255,75.1368613,210871.3481
2017-08-22T22:09:48.867Z,314.355,312.53,1.74254566,315.38,2.034120524,0.625524095,52.25994255,75.1368613,210871.3481
2017-08-22T22:09:50.836Z,314.355,313.75,2.334678816,315.38,2.034120524,0.488311955,52.25994255,75.1368613,210871.3481
2017-08-22T22:09:52.890Z,314.355,313.05,1.74021247,315.38,2.034120524,0.651340758,52.25994255,75.1368613,210871.3481
2017-08-22T22:09:54.879Z,314.355,313.05,1.74021247,315.38,2.034120524,0.664964995,52.25994255,75.1368613,210871.3481
2017-08-22T22:09:56.933Z,314.355,313.05,1.74021247,315.38,2.034120524,0.691532853,3.74266548,173.0847386,210871.3481
2017-08-22T22:09:59.259Z,314.355,313.05,1.74021247,315.38,2.034120524,0.724283971,,173.0847386,210871.3481
2017-08-22T22:10:01.287Z,314.355,313.05,1.74021247,315.38,2.034120524,0.682835867,3.74266548,173.0847386,210871.3481
2017-08-22T22:10:03.484Z,314.355,313.05,1.74021247,315.38,2.529120524,0.670380124,3.74266548,173.0847386,210871.3481
2017-08-22T22:10:05.570Z,314.355,313.05,1.74021247,315.38,2.034120524,0.746045613,3.74266548,173.0847386,210871.3481
2017-08-22T22:10:07.502Z,314.355,312.53,1.80254566,314.36,2.111281192,0.980941801,3.74266548,173.0847386,210871.3481
2017-08-22T22:10:09.417Z,314.355,312.53,1.88276662,315.27,2.029330364,0.753495899,3.74266548,173.0847386,210871.3481
2017-08-22T22:10:11.482Z,314.355,313.13,1.70200771,315.27,2.029330364,1.004885869,3.74266548,173.0847386,210871.3481
2017-08-22T22:10:13.572Z,314.355,313.13,1.70200771,315.2,2.083253239,0.663341505,3.74266548,173.0847386,210871.3481
2017-08-22T22:10:15.649Z,314.355,313.13,1.70200771,315.23,2.029333944,0.6982279,3.74266548,173.0847386,210871.3481
2017-08-22T22:10:17.688Z,314.355,313.13,1.70200771,315.22,4.05663555,0.746938497,3.74266548,173.0847386,210871.3481
2017-08-22T22:10:19.751Z,314.355,313.13,2.20200771,315.22,4.05663555,0.693707536,3.74266548,173.0847386,210871.3481
2017-08-22T22:10:21.928Z,314.355,313.13,1.70200771,315.22,4.05663555,0.645687045,3.74266548,173.0847386,210871.3481
2017-08-22T22:10:23.927Z,314.355,313.2,2.18337475,315.22,2.029334834,0.674772485,3.74266548,173.0847386,210871.3481
2017-08-22T22:10:25.961Z,314.355,312.66,1.69890398,315.22,2.029334834,0.768552518,3.74266548,173.0847386,210871.3481
2017-08-22T22:10:27.992Z,314.355,312.66,1.69890398,315.22,2.029334834,0.71074079,3.74266548,173.0847386,210871.3481
2017-08-22T22:10:30.022Z,314.355,312.66,2.19890398,315.22,2.029334834,0.716318166,3.74266548,173.0847386,210871.3481
2017-08-22T22:10:32.162Z,314.355,313.1,2.245788248,315.21,2.029335734,0.737791045,3.74266548,173.0847386,210871.3481
2017-08-22T22:10:34.107Z,314.355,313.1,2.25256925,315.21,2.029335734,0.700035891,3.74266548,173.0847386,210871.3481
2017-08-22T22:10:36.030Z,314.355,313.12,2.357828869,315.18,2.092138414,0.712561831,3.74266548,173.0847386,210871.3481
2017-08-22T22:10:38.037Z,314.355,313.14,1.859212176,314.36,2.199305968,0.917869077,3.74266548,173.0847386,210871.3481
2017-08-22T22:10:40.079Z,314.355,313.14,1.892672176,314.36,2.487361955,0.880022834,3.74266548,173.0847386,210871.3481
2017-08-22T22:10:42.279Z,314.355,313.14,2.386690188,314.36,2.487361955,0.834536289,3.74266548,173.0847386,210871.3481
2017-08-22T22:10:44.426Z,314.355,313.14,2.571356077,314.36,2.487361955,0.936202674,3.74266548,173.0847386,210871.3481
2017-08-22T22:10:46.454Z,314.355,313.14,2.571356077,314.36,2.252561167,0.868386318,1.93295902,173.0847386,210871.3481
2017-08-22T22:10:48.632Z,314.355,313.14,2.577210135,314.36,2.252561167,0.923036871,1.93295902,173.0847386,210871.3481
2017-08-22T22:10:50.638Z,314.355,313.14,2.538042806,314.36,2.252561167,0.966109361,1.93295902,173.0847386,210871.3481
2017-08-22T22:10:52.572Z,314.355,313.14,2.538042806,314.36,2.252561167,0.974706711,1.93295902,173.0847386,210871.3481
2017-08-22T22:10:54.621Z,314.355,313.14,2.665542806,314.36,2.252561167,0.982799161,1.93295902,173.0847386,210871.3481
2017-08-22T22:10:56.562Z,314.355,313.51,2.662762476,314.36,2.252545944,0.972184483,,173.0847386,210871.3481
2017-08-22T22:10:58.795Z,314.335,313.52,2.661927918,315.59,2.283887891,0.696073636,1.93295902,173.0847386,210871.3481
2017-08-22T22:10:60.807Z,314.335,313.52,2.661927918,315.59,2.283887891,0.690369247,1.93295902,,210871.3481
2017-08-22T22:11:02.834Z,314.335,313.52,2.584617918,315.59,2.283887891,0.684874918,1.93295902,173.0847386,210871.3481
2017-08-22T22:11:04.767Z,314.335,313.52,2.590496375,315.59,2.283887891,0.674618695,1.93295902,173.0847386,210871.3481
2017-08-22T22:11:06.766Z,314.335,313.53,2.54638514,315.59,2.283887891,0.690383594,1.93295902,173.0847386,210871.3481
2017-08-22T22:11:08.820Z,314.335,313.53,2.56444514,315.58,2.339904441,0.723123964,1.93295902,173.0847386,210871.3481
2017-08-22T22:11:10.945Z,314.335,313.53,2.558551133,315.58,2.234237164,0.771751707,1.93295902,173.0847386,210871.3481
2017-08-22T22:11:12.965Z,314.335,313.53,2.558551133,314.34,2.449298784,0.696084772,1.93295902,173.0847386,210871.3481
2017-08-22T22:11:14.901Z,314.25,313.53,2.586210824,315.58,2.032837164,0.735491181,1.93295902,173.0847386,210871.3481
2017-08-22T22:11:17.410Z,314.215,313.53,2.24409738,315.58,2.032837164,0.717681376,1.93295902,173.0847386,210871.3481
2017-08-22T22:11:19.428Z,314.215,313.53,2.250087071,315.58,2.032837164,0.690704476,1.93295902,173.0847386,210871.3481
2017-08-22T22:11:21.516Z,314.215,313.53,2.750087071,315.58,2.032837164,0.71684644,1.93295902,173.0847386,210871.3481
2017-08-22T22:11:23.512Z,314.165,313.53,2.750087071,315.58,2.032837164,0.713314914,1.93295902,173.0847386,210871.3481
2017-08-22T22:11:25.483Z,314.165,313.53,2.747177071,315.58,2.032837164,0.664839465,1.93295902,173.0847386,210871.3481
2017-08-22T22:11:27.558Z,314.165,313.56,2.191999928,315.57,2.035238064,0.747257509,1.93295902,173.0847386,210871.3481
2017-08-22T22:11:29.649Z,314.165,313.56,2.34770726,315.55,2.2409204,0.726810678,1.93295902,173.0847386,210871.3481
2017-08-22T22:11:31.703Z,314.165,313.56,2.46009726,315.55,2.2306204,0.724927593,11.43020515,173.0847386,210871.3481
2017-08-22T22:11:34.006Z,314.165,313.56,2.198036691,315.53,2.04092219,0.701631463,11.43020515,173.0847386,210871.3481
2017-08-22T22:11:36.105Z,314.165,314.16,0.994154647,315.53,2.04092219,0.441155278,11.43020515,173.0847386,210871.3481
2017-08-22T22:11:38.073Z,314.165,314.16,0.994154647,315.42,2.059737069,0.442431056,11.43020515,173.0847386,210871.3481
2017-08-22T22:11:40.012Z,314.165,314.16,0.994154647,315.42,2.059737069,0.464096372,11.43020515,173.0847386,210871.3481
2017-08-22T22:11:41.951Z,314.165,313.46,2.227237854,315.41,2.031591969,0.706195681,11.43020515,173.0847386,210871.3481
2017-08-22T22:11:43.961Z,314.165,313.46,2.727237854,315.41,2.031591969,0.876671403,11.43020515,173.0847386,210871.3481
2017-08-22T22:11:45.943Z,314.165,314.16,1.713654647,315.41,2.031591969,0.57744406,11.43020515,173.0847386,210871.3481
2017-08-22T22:11:47.984Z,314.165,313.02,2.318134245,315.41,2.337259246,0.788493813,17.55942244,173.0847386,210871.3481
2017-08-22T22:11:50.095Z,314.165,313.06,1.73128183,315.41,2.031591969,0.833548065,11.43020515,173.0847386,210871.3481
2017-08-22T22:11:55.212Z,314.165,313.06,2.126317622,315.41,2.531591969,0.851165695,11.43020515,173.0847386,210871.3481
2017-08-22T22:11:57.317Z,314.165,313.06,1.73516483,315.41,2.531591969,0.825319784,11.43020515,173.0847386,210871.3481
2017-08-22T22:11:59.441Z,314.165,313.06,2.229309272,315.41,2.031591969,0.80172425,,173.0847386,210871.3481
2017-08-22T22:12:01.600Z,314.165,313.06,2.723453714,315.41,2.031591969,0.871353922,17.55942244,173.0847386,210871.3481
2017-08-22T22:12:03.713Z,314.165,313.08,1.70768603,315.41,2.031591969,0.99436402,17.55942244,173.0847386,210871.3481
2017-08-22T22:12:05.619Z,314.165,313.06,2.221186005,315.23,2.02861733,0.867517893,17.55942244,173.0847386,210871.3481
2017-08-22T22:12:07.657Z,314.165,313.08,2.213265238,315.23,2.02861733,1.085404268,17.55942244,173.0847386,210871.3481
2017-08-22T22:12:10.149Z,314.165,313.08,2.213265238,315.23,2.02861733,1.109597516,17.55942244,173.0847386,210871.3481
2017-08-22T22:12:13.138Z,314.165,313.08,2.207521656,315.75,2.031403104,0.831687466,,173.0847386,210871.3481
2017-08-22T22:12:15.311Z,314.165,313.08,1.73130203,315.75,2.031403104,0.898722272,17.55942244,173.0847386,210871.3481
2017-08-22T22:12:17.400Z,314.165,313.08,2.19380303,315.59,2.284190721,0.704996411,17.55942244,173.0847386,210871.3481
2017-08-22T22:12:19.548Z,314.165,313.09,2.231168405,314.17,1.80612592,1.375816497,17.55942244,173.0847386,210871.3481
2017-08-22T22:12:21.521Z,314.165,313.47,2.408758015,315.59,2.284190721,0.836902402,17.55942244,173.0847386,210871.3481
2017-08-22T22:12:23.566Z,314.165,313.49,2.908698512,315.58,2.032837164,0.922791162,17.55942244,173.0847386,210871.3481
2017-08-22T22:12:25.521Z,314.165,313.49,2.408714435,315.58,2.032837164,0.91620301,17.55942244,173.0847386,210871.3481
2017-08-22T22:12:27.486Z,314.165,313.49,2.229284494,315.58,2.032837164,0.804799,15.09842326,48.09216837,210871.3481
2017-08-22T22:12:29.621Z,314.165,313.49,2.229284494,315.58,2.032837164,0.840701113,15.09842326,48.09216837,210871.3481
2017-08-22T22:12:32.366Z,314.165,313.05,1.73380467,314.17,1.760610688,1.28135346,15.09842326,48.09216837,210871.3481
2017-08-22T22:12:34.354Z,314.165,313.53,2.241405119,315.55,2.03092323,1.228324843,15.09842326,48.09216837,210871.3481
2017-08-22T22:12:36.543Z,314.165,313.53,2.397977531,315.54,4.0574417,0.836748719,15.09842326,48.09216837,210871.3481
2017-08-22T22:12:38.576Z,314.165,313.4,2.431806,315.54,3.00352413,0.902223712,15.09842326,48.09216837,210871.3481
2017-08-22T22:12:40.674Z,314.165,313.4,2.431806,315.54,3.00352413,0.8828709,15.09842326,48.09216837,210871.3481
2017-08-22T22:12:42.562Z,314.165,313.4,1.7758068,315.54,2.03092413,1.214794308,15.09842326,48.09216837,210871.3481
2017-08-22T22:12:44.709Z,314.165,313.4,1.7758068,315.53,4.06774349,0.92114784,15.09842326,48.09216837,210871.3481
2017-08-22T22:12:46.727Z,314.165,313.61,2.676141227,315.53,4.06774349,0.962876058,15.09842326,48.09216837,210871.3481
2017-08-22T22:12:48.729Z,314.165,313.02,1.829735023,315.53,2.04122502,0.61091966,15.09842326,48.09216837,210871.3481
2017-08-22T22:12:50.723Z,314.165,313.02,2.029735023,315.29,2.089328574,0.706489476,,48.09216837,210871.3481
2017-08-22T22:12:52.820Z,314.165,313.18,1.7270082,315.29,2.089328574,0.603915835,15.09842326,48.09216837,210871.3481
2017-08-22T22:12:54.786Z,314.165,312.54,1.74357968,315.28,2.029329464,0.600505369,15.09842326,48.09216837,210871.3481
2017-08-22T22:12:56.831Z,314.165,314.16,0.888099647,315.27,2.029330364,0.44240657,15.09842326,48.09216837,210871.3481
2017-08-22T22:12:58.870Z,314.165,313.02,2.166992126,315.26,2.029531254,0.798138125,15.09842326,48.09216837,210871.3481
2017-08-22T22:12:60.976Z,314.165,313.02,1.82400631,315.26,2.029531254,0.876935147,15.09842326,48.09216837,210871.3481
2017-08-22T22:13:03.047Z,314.165,313.02,1.82400631,315.26,2.029531254,0.786630788,15.09842326,48.09216837,210871.3481
2017-08-22T22:13:05.139Z,314.165,313.02,2.661950277,315.24,2.52841643,0.874824214,15.09842326,48.09216837,210871.3481
2017-08-22T22:13:07.135Z,314.165,313.02,2.318964461,315.24,2.02861643,0.80605257,15.09842326,48.09216837,210871.3481
2017-08-22T22:13:09.186Z,314.165,313.02,2.318964461,315.24,2.02861643,0.773574227,15.09842326,48.09216837,210871.3481
2017-08-22T22:13:11.209Z,314.165,313.06,2.199833155,315.24,2.02861643,0.848554504,15.09842326,48.09216837,210871.3481
2017-08-22T22:13:13.366Z,314.165,313.08,1.71740503,315.24,2.02861643,0.757986161,15.09842326,48.09216837,210871.3481
2017-08-22T22:13:15.543Z,314.165,313.08,1.71740503,315.24,2.02861643,0.899103977,19.61159304,48.09216837,210871.3481
2017-08-22T22:13:17.686Z,314.165,313.02,1.82400631,315.24,2.334083707,0.684225332,,48.09216837,210871.3481
2017-08-22T22:13:19.763Z,314.165,313.02,2.318964599,315.24,2.02861643,0.833348877,19.61159304,48.09216837,210871.3481
2017-08-22T22:13:21.854Z,314.165,313.02,2.318964599,314.17,1.9892762,0.998505537,19.61159304,48.09216837,210871.3481
2017-08-22T22:13:23.879Z,314.165,313.02,2.318964599,314.17,1.9883942,0.952330784,19.61159304,48.09216837,210871.3481
2017-08-22T22:13:25.857Z,314.165,313.02,2.323271234,314.17,1.9883942,0.983981514,19.61159304,48.09216837,210871.3481
2017-08-22T22:13:27.957Z,314.165,313.02,2.323271234,314.17,1.98679624,1.029861404,19.61159304,48.09216837,210871.3481
2017-08-22T22:13:29.956Z,314.165,313.02,1.82400631,314.17,1.986781007,1.361041649,19.61159304,48.09216837,210871.3481
2017-08-22T22:13:31.979Z,314.165,313.08,2.192988217,314.17,1.986781007,1.483158631,19.61159304,48.09216837,210871.3481
2017-08-22T22:13:34.113Z,314.165,313.08,2.206642598,314.17,1.986781007,1.081059638,19.61159304,48.09216837,210871.3481
2017-08-22T22:13:36.088Z,314.165,313.08,2.52024535,315.69,2.035009292,0.814554488,19.61159304,48.09216837,210871.3481
2017-08-22T22:13:38.147Z,314.165,313.08,2.52024535,315.68,2.034093568,0.821164511,19.61159304,48.09216837,210871.3481
2017-08-22T22:13:40.223Z,314.165,313.08,2.188666598,315.68,2.034093568,0.771657538,19.61159304,48.09216837,210871.3481
2017-08-22T22:13:44.771Z,314.165,313.08,1.698108568,315.68,2.034093568,1.01302035,19.61159304,48.09216837,210871.3481
2017-08-22T22:13:47.458Z,314.165,312.53,1.807882675,315.68,2.034093568,0.694149423,19.61159304,48.09216837,210871.3481
2017-08-22T22:13:49.611Z,314.165,313.05,2.066663977,315.68,2.034093568,0.834114558,19.61159304,48.09216837,210871.3481
2017-08-22T22:13:51.781Z,314.165,313.08,2.007395766,314.17,1.986765775,0.911377323,,48.09216837,210871.3481
2017-08-22T22:13:53.757Z,314.165,313.08,2.007395766,314.17,1.986765775,0.727024666,19.61159304,48.09216837,210871.3481
2017-08-22T22:13:55.778Z,314.165,313.08,2.007395766,314.17,2.000065775,0.881055444,19.61159304,48.09216837,210871.3481
2017-08-22T22:13:57.847Z,314.165,313.13,2.591312312,315.59,2.284190721,0.935972529,19.61159304,48.09216837,210871.3481
2017-08-22T22:13:59.875Z,314.165,313.13,2.620552311,315.59,2.284190721,0.634603593,,,210871.3481
2017-08-22T22:14:02.006Z,314.165,313.13,2.620552311,315.59,2.284190721,0.626205397,2.22216978,48.09216837,210871.3481
2017-08-22T22:14:04.108Z,314.165,313.13,2.620552311,315.59,2.032836274,0.533277001,2.22216978,48.09216837,210871.3481
2017-08-22T22:14:06.083Z,314.165,313.13,2.583878989,315.54,4.55934081,0.506163603,2.22216978,48.09216837,210871.3481
2017-08-22T22:14:08.194Z,314.165,313.2,2.572028003,315.54,2.03092413,0.680479484,2.22216978,48.09216837,210871.3481
2017-08-22T22:14:10.191Z,314.165,313.2,2.622028003,315.54,2.03092413,0.654391984,2.22216978,48.09216837,210871.3481
2017-08-22T22:14:12.543Z,314.165,313.3,2.228764336,315.54,2.03092413,0.624052254,2.22216978,48.09216837,210871.3481
2017-08-22T22:14:14.608Z,314.165,313.43,2.353493201,315.54,2.03092413,0.873747609,2.22216978,48.09216837,210871.3481
2017-08-22T22:14:16.702Z,314.165,313.45,2.695273614,315.54,2.03092413,0.935624759,2.22216978,48.09216837,210871.3481
2017-08-22T22:14:18.701Z,314.165,313.45,2.592662522,315.54,2.03092413,0.875023161,2.22216978,48.09216837,210871.3481
2017-08-22T22:14:20.876Z,314.165,313.45,2.719782522,315.53,2.04122502,0.645591357,2.22216978,48.09216837,210871.3481
2017-08-22T22:14:22.958Z,314.165,313.46,2.543645776,315.53,2.04122502,0.645071377,2.22216978,48.09216837,210871.3481
2017-08-22T22:14:24.852Z,314.165,313.46,2.670945776,315.53,2.04122502,0.638911788,2.22216978,48.09216837,210871.3481
2017-08-22T22:14:26.763Z,314.165,313.46,2.664698715,315.51,4.07674707,0.537806244,2.22216978,48.09216837,210871.3481
2017-08-22T22:14:28.752Z,314.165,313.46,2.804641733,315.51,2.04952398,0.748960394,2.22216978,48.09216837,210871.3481
2017-08-22T22:14:30.897Z,314.165,313.46,2.677341733,315.43,2.058851265,0.757925958,2.22216978,48.09216837,210871.3481
2017-08-22T22:14:32.911Z,314.165,313.46,2.677341733,315.43,2.058851265,0.788825695,2.22216978,48.09216837,210871.3481
2017-08-22T22:14:34.910Z,314.165,313.46,2.70216352,315.43,2.058851265,0.763763426,2.22216978,48.09216837,210871.3481
2017-08-22T22:14:37.053Z,314.165,313.46,2.70216352,315.43,2.058851265,0.779193998,2.22216978,48.09216837,210871.3481
2017-08-22T22:14:39.113Z,314.165,313.46,2.70216352,315.42,4.061222209,0.598675333,2.22216978,48.09216837,210871.3481
2017-08-22T22:14:41.226Z,314.165,313.46,2.70216352,315.42,2.061137069,0.733874468,2.22216978,48.09216837,210871.3481
2017-08-22T22:14:43.127Z,314.165,313.46,2.70216352,315.42,2.046843069,0.729616125,2.22216978,48.09216837,210871.3481
2017-08-22T22:14:45.097Z,314.165,313.46,2.70216352,315.42,2.046843069,0.738921841,2.22216978,48.09216837,210871.3481
2017-08-22T22:14:47.633Z,314.165,313.46,2.70216352,315.42,2.093991069,0.759975174,2.22216978,48.09216837,210871.3481
2017-08-22T22:14:49.917Z,314.165,313.56,2.593214725,315.42,2.093991069,0.703990371,2.22216978,48.09216837,210871.3481
2017-08-22T22:14:52.113Z,314.165,313.56,2.222085472,315.42,2.093991069,0.688284404,23.89416978,93.81857771,210871.3481
2017-08-22T22:14:54.285Z,314.165,313.56,2.222085472,315.41,2.032991969,0.911010758,23.89416978,93.81857771,210871.3481
2017-08-22T22:14:56.217Z,314.165,313.02,2.82400631,315.41,2.032991969,0.792152969,23.89416978,93.81857771,210871.3481
2017-08-22T22:14:58.591Z,314.165,313.02,2.82400631,315.4,2.032992859,0.753653697,23.89416978,93.81857771,210871.3481
2017-08-22T22:14:60.661Z,314.165,313.02,2.82400631,315.38,2.035520524,0.765780406,23.89416978,,210871.3481
2017-08-22T22:15:02.769Z,314.165,313.02,2.82400631,315.38,2.035520524,0.830787877,23.89416978,93.81857771,210871.3481
2017-08-22T22:15:04.990Z,314.165,313.02,2.82400631,315.38,2.035520524,0.847059108,23.89416978,93.81857771,210871.3481
2017-08-22T22:15:07.039Z,314.165,313.02,2.82400631,315.38,2.035520524,0.849282656,23.89416978,93.81857771,210871.3481
2017-08-22T22:15:09.060Z,314.165,313.02,2.82400631,315.37,4.06140871,0.642023234,23.89416978,93.81857771,210871.3481
2017-08-22T22:15:11.109Z,314.165,313.02,2.819092249,315.37,2.035521414,0.791875555,23.89416978,93.81857771,210871.3481
2017-08-22T22:15:13.018Z,314.165,313.02,2.819092249,315.37,2.035521414,0.800499013,23.89416978,93.81857771,210871.3481
2017-08-22T22:15:15.211Z,314.165,313.02,2.819092249,315.37,2.035521414,0.80077297,23.89416978,93.81857771,210871.3481
2017-08-22T22:15:17.239Z,314.165,313.02,2.856591249,315.36,2.035522314,0.867767493,23.89416978,93.81857771,210871.3481
2017-08-22T22:15:19.238Z,314.165,313.02,2.861505153,315.36,2.035522314,0.850507183,23.89416978,93.81857771,210871.3481
2017-08-22T22:15:21.460Z,314.165,313.02,2.861505153,314.17,1.859706459,1.232134856,23.89416978,93.81857771,210871.3481
2017-08-22T22:15:23.554Z,314.165,313.08,2.193707051,314.17,1.812206459,0.944932959,23.89416978,93.81857771,210871.3481
2017-08-22T22:15:25.568Z,314.165,313.08,2.193707051,314.17,1.812206459,0.930481539,23.89416978,93.81857771,210871.3481
2017-08-22T22:15:27.668Z,314.165,313.08,2.188746331,314.17,1.812206459,0.922282816,23.89416978,93.81857771,210871.3481
2017-08-22T22:15:29.822Z,314.165,313.08,2.503375028,314.17,1.812206459,1.122403371,23.89416978,93.81857771,210871.3481
2017-08-22T22:15:32.037Z,314.165,313.08,2.503375028,314.17,1.349288226,1.089449721,23.89416978,93.81857771,210871.3481
2017-08-22T22:15:34.360Z,314.165,313.05,2.22380467,315.59,2.782487891,0.578768297,23.89416978,93.81857771,210871.3481
2017-08-22T22:15:36.419Z,314.165,313.05,2.22380467,315.51,2.04952398,0.767901645,23.89416978,93.81857771,210871.3481
2017-08-22T22:15:38.446Z,314.165,313.05,2.22380467,315.51,2.04952398,0.769835613,,93.81857771,210871.3481
2017-08-22T22:15:40.565Z,314.165,313.05,2.22380467,315.51,2.51642398,0.777032949,23.89416978,93.81857771,210871.3481
2017-08-22T22:15:42.498Z,314.165,313.07,2.19379293,315.49,2.106185361,0.831254749,23.89416978,93.81857771,210871.3481
2017-08-22T22:15:44.671Z,314.165,313.07,2.20233393,315.49,2.106185361,0.828867685,23.89416978,93.81857771,210871.3481
2017-08-22T22:15:47.061Z,314.165,313.07,2.20233393,315.49,2.534885361,0.948812732,23.89416978,93.81857771,210871.3481
2017-08-22T22:15:49.331Z,314.165,313.07,2.20233393,315.75,2.031403104,0.997337287,46.29334652,93.81857771,210871.3481
2017-08-22T22:15:51.653Z,314.165,313.07,2.20233393,315.75,2.031403104,1.003718334,46.29334652,93.81857771,210871.3481
2017-08-22T22:15:53.864Z,314.165,313.98,2.520418445,315,1.27131137,1.957439345,46.29334652,93.81857771,210871.3481
2017-08-22T22:15:55.938Z,314.165,313.98,2.520418445,315,1.27131137,1.581964839,,93.81857771,210871.3481
2017-08-22T22:15:57.934Z,314.165,314.16,1.09721,315,1.27131137,0.823843448,46.29334652,93.81857771,210871.3481
2017-08-22T22:15:59.979Z,314.165,313.05,1.828935636,315,1.27131137,1.336401365,,,210871.3481
2017-08-22T22:16:02.012Z,314.165,313.99,2.02114583,315,1.576978647,1.240163006,46.29334652,93.81857771,210871.3481
2017-08-22T22:16:03.930Z,314.165,314.01,1.86106412,315,1.77131137,1.199700036,46.29334652,93.81857771,210871.3481
2017-08-22T22:16:05.891Z,314.165,314.03,1.811153721,315,1.77131137,1.438792481,46.29334652,93.81857771,210871.3481
2017-08-22T22:16:07.912Z,314.165,314.03,1.811153721,315,1.77131137,0.999686124,46.29334652,93.81857771,210871.3481
2017-08-22T22:16:09.956Z,314.165,314.03,3.46923518,315,1.77131137,1.493010454,46.29334652,93.81857771,210871.3481
2017-08-22T22:16:12.036Z,314.165,314.03,3.469424641,315,1.77131137,1.528996245,46.29334652,93.81857771,210871.3481
2017-08-22T22:16:14.101Z,314.165,314.05,3.495114251,315,1.76881137,1.906724322,18.82652326,93.81857771,210871.3481
2017-08-22T22:16:16.325Z,314.165,314.05,1.861499991,315.81,2.07422884,0.87633203,46.29334652,93.81857771,210871.3481
2017-08-22T22:16:18.235Z,314.165,314.06,3.368632611,315.81,2.07422884,1.283112974,46.29334652,93.81857771,210871.3481
2017-08-22T22:16:20.243Z,314.165,314.06,3.368632611,315,1.463144094,1.514729997,46.29334652,93.81857771,210871.3481
2017-08-22T22:16:22.220Z,314.165,314.06,3.368632611,315,1.463144094,1.684923505,46.29334652,93.81857771,210871.3481
2017-08-22T22:16:24.277Z,314.165,314.06,3.368632611,315,1.26881137,1.718636867,46.29334652,93.81857771,210871.3481
2017-08-22T22:16:26.295Z,314.165,314.06,3.368632611,315,1.76881137,1.734917178,46.29334652,93.81857771,210871.3481
2017-08-22T22:16:28.336Z,314.165,314.06,3.368632611,315,1.26881137,1.76605138,46.29334652,93.81857771,210871.3481
2017-08-22T22:16:30.393Z,314.165,314.13,3.072854199,315,1.26881137,1.260748188,46.29334652,93.81857771,210871.3481
2017-08-22T22:16:32.348Z,314.165,314.01,1.734253581,315,1.26881137,1.319485477,46.29334652,93.81857771,210871.3481
2017-08-22T22:16:34.324Z,314.165,314.01,1.734253581,315,1.26881137,1.66308266,46.29334652,93.81857771,210871.3481
2017-08-22T22:16:36.287Z,314.165,314.16,1.905863779,315,1.574478647,1.447362865,46.29334652,93.81857771,210871.3481
2017-08-22T22:16:38.270Z,314.165,314.16,1.905863779,315,1.26881137,1.862349052,26.87365752,93.81857771,210871.3481
2017-08-22T22:16:40.195Z,314.165,314.16,1.905863779,315,1.26881137,1.381506363,26.87365752,93.81857771,210871.3481
2017-08-22T22:16:42.203Z,314.165,314.16,1.905863779,315,1.26881137,1.523154601,26.87365752,93.81857771,210871.3481
2017-08-22T22:16:44.274Z,314.165,314.16,1.905863779,315,1.26881137,2.065809639,26.87365752,93.81857771,210871.3481
2017-08-22T22:16:46.331Z,314.165,314.16,1.905863779,315,1.26881137,2.053190369,26.87365752,93.81857771,210871.3481
2017-08-22T22:16:48.388Z,314.165,314.16,1.905863779,315,1.26881137,1.974075666,18.82652326,93.81857771,210871.3481
2017-08-22T22:16:50.352Z,314.165,314.16,2.005863773,315,1.574478647,1.853389855,26.87365752,93.81857771,210871.3481
2017-08-22T22:16:54.039Z,314.165,314.16,2.005863773,315,1.36881137,1.756754258,26.87365752,93.81857771,210871.3481
2017-08-22T22:16:56.099Z,314.165,314.16,2.005863773,315,1.36881137,1.889102647,26.87365752,93.81857771,210871.3481
2017-08-22T22:16:58.124Z,314.165,314.16,2.005863773,315,1.36881137,1.73616195,26.87365752,93.81857771,210871.3481
2017-08-22T22:16:60.150Z,314.165,314.16,2.005863773,315,1.36881137,1.740831966,26.87365752,,210871.3481
2017-08-22T22:17:02.335Z,314.165,314.16,2.005863773,315,1.36881137,1.735600655,26.87365752,93.81857771,210871.3481
2017-08-22T22:17:04.339Z,314.165,314.16,2.005863773,315,1.36881137,1.75370012,26.87365752,93.81857771,210871.3481
2017-08-22T22:17:06.517Z,314.165,314.16,1.905863773,315,1.36881137,1.639858377,26.87365752,93.81857771,210871.3481
2017-08-22T22:17:08.665Z,314.515,314.01,1.85672412,315,1.36881137,1.106325491,26.87365752,93.81857771,210871.3481
2017-08-22T22:17:10.752Z,314.7,314.01,1.98886412,315,1.36881137,1.219669569,26.87365752,93.81857771,210871.3481
2017-08-22T22:17:12.700Z,314.78,314.01,1.73099951,315,1.36881137,1.408182091,26.87365752,93.81857771,210871.3481
2017-08-22T22:17:15.116Z,314.795,314.48,2.062184938,315,1.36881137,1.259077656,26.87365752,93.81857771,210871.3481
2017-08-22T22:17:17.442Z,314.795,314.55,1.87271663,315,1.36881137,1.168031056,26.87365752,93.81857771,210871.3481
2017-08-22T22:17:19.530Z,314.795,314.61,1.94763401,315,1.36881137,0.964447391,26.87365752,93.81857771,210871.3481
2017-08-22T22:17:21.493Z,314.795,314.49,1.77241926,315,1.36881137,1.168244461,32.36173433,93.81857771,210871.3481
2017-08-22T22:17:23.479Z,314.795,314.49,1.77241926,315,1.36881137,1.157702698,32.36173433,110.4583082,210871.3481
2017-08-22T22:17:25.602Z,314.795,314.51,1.84728958,315,1.36881137,1.195004015,32.36173433,110.4583082,210871.3481
2017-08-22T22:17:27.733Z,314.795,314.51,1.77243958,315,1.36881137,1.133990433,32.36173433,110.4583082,210871.3481
2017-08-22T22:17:29.912Z,314.795,314.51,1.85931958,315,1.36881137,1.200305558,32.36173433,110.4583082,210871.3481
2017-08-22T22:17:31.839Z,314.795,314.51,1.85931958,315,1.36881137,1.284041805,32.36173433,110.4583082,210871.3481
2017-08-22T22:17:33.859Z,314.795,314.51,3.48773884,315,1.36881137,1.505551381,32.36173433,110.4583082,210871.3481
2017-08-22T22:17:36.027Z,314.835,314.51,3.48773884,315,1.36881137,1.60664525,32.36173433,110.4583082,210871.3481
2017-08-22T22:17:37.939Z,314.835,314.51,1.84721958,315,1.36981137,1.441264539,32.36173433,110.4583082,210871.3481
2017-08-22T22:17:40.024Z,314.835,314.49,1.85919926,315,1.36981137,1.106560498,32.36173433,110.4583082,210871.3481
2017-08-22T22:17:41.866Z,314.835,314.53,1.84697555,315,1.36981137,1.227542943,32.36173433,110.4583082,210871.3481
2017-08-22T22:17:43.824Z,314.835,314.53,2.35902555,315,1.36981137,1.237576904,32.36173433,110.4583082,210871.3481
2017-08-22T22:17:45.997Z,314.835,314.55,1.84704588,315,1.36981137,1.331159793,32.36173433,110.4583082,210871.3481
2017-08-22T22:17:47.922Z,314.835,314.55,2.35907588,315,1.36981137,1.638793176,32.36173433,110.4583082,210871.3481
2017-08-22T22:17:49.926Z,314.835,314.57,2.35895442,315,1.36981137,1.296572346,32.36173433,110.4583082,210871.3481
2017-08-22T22:17:52.036Z,314.835,314.49,2.201421139,315,1.36981137,1.2235285,32.36173433,110.4583082,210871.3481
2017-08-22T22:17:54.072Z,314.835,314.49,2.201421139,315,1.36981137,1.213861933,32.36173433,110.4583082,210871.3481
2017-08-22T22:17:56.053Z,314.835,314.5,1.77220684,315,1.577604109,1.20808582,32.36173433,110.4583082,210871.3481
2017-08-22T22:17:58.031Z,314.835,314.83,2.718909486,315,1.577604109,1.214882868,32.36173433,110.4583082,210871.3481
2017-08-22T22:17:59.987Z,314.835,314.83,2.718909486,315,1.577604109,1.21490619,,,210871.3481
2017-08-22T22:18:02.006Z,314.835,314.83,2.718909486,315,1.577604109,1.224520577,32.36173433,110.4583082,210871.3481
2017-08-22T22:18:04.008Z,314.835,314.83,2.718909486,315,1.577604109,1.184137299,32.36173433,110.4583082,210871.3481
2017-08-22T22:18:06.052Z,314.835,314.83,4.718909486,315,1.577604109,1.571452615,32.36173433,110.4583082,210871.3481
2017-08-22T22:18:08.023Z,314.835,314.83,4.718909486,315,1.577604109,1.553742871,32.36173433,110.4583082,210871.3481
2017-08-22T22:18:09.995Z,314.835,314.83,4.733909486,315,1.577604109,1.545208416,32.36173433,110.4583082,210871.3481
2017-08-22T22:18:12.064Z,314.835,314.83,4.722909486,315,1.577604109,1.619036135,0.00152002,110.4583082,210871.3481
2017-08-22T22:18:14.036Z,314.835,314.83,4.722909486,315,1.577604109,1.640096999,0.00152002,110.4583082,210871.3481
2017-08-22T22:18:16.024Z,314.835,314.83,4.722909486,315,1.577604109,1.640048296,0.00152002,110.4583082,210871.3481
2017-08-22T22:18:18.448Z,314.835,314.83,4.718909486,315,1.577604109,1.633963226,0.00152002,110.4583082,210871.3481
2017-08-22T22:18:20.625Z,314.835,314.83,3.039174332,315,1.577604109,1.175265367,0.00152002,110.4583082,210871.3481
2017-08-22T22:18:22.600Z,314.835,314.49,2.202072988,315,1.577604109,1.163626842,0.00152002,110.4583082,210871.3481
2017-08-22T22:18:24.461Z,314.835,314.49,2.202072988,315,1.587604109,1.161400188,0.00152002,110.4583082,210871.3481
2017-08-22T22:18:26.366Z,314.835,314.49,3.41244548,315,1.589945109,1.575241566,0.00152002,110.4583082,210871.3481
2017-08-22T22:18:28.236Z,314.835,314.5,1.77220684,315,1.589945109,1.202948552,0.00152002,110.4583082,210871.3481
2017-08-22T22:18:30.112Z,314.835,314.49,3.41243531,315,1.589945109,1.524977958,0.00152002,110.4583082,210871.3481
2017-08-22T22:18:32.126Z,314.835,314.49,3.912149132,315,1.589945109,1.525348604,0.00152002,110.4583082,210871.3481
2017-08-22T22:18:34.279Z,314.835,314.49,3.84175517,315,1.589945109,1.472908488,0.00152002,110.4583082,210871.3481
2017-08-22T22:18:36.320Z,314.835,314.49,2.20154833,315,1.589945109,1.151725974,0.00152002,110.4583082,210871.3481
2017-08-22T22:18:40.964Z,314.835,314.83,3.732598742,315,1.589945109,1.414287419,0.00152002,110.4583082,210871.3481
2017-08-22T22:18:43.671Z,314.835,314.83,3.699178732,315,1.589945109,1.428341549,0.00152002,110.4583082,210871.3481
2017-08-22T22:18:45.867Z,314.835,314.83,3.699178732,315,1.589945109,1.484349391,0.00152002,110.4583082,210871.3481
2017-08-22T22:18:47.868Z,314.835,314.83,3.699178732,315,1.589945109,1.55082722,0.00152002,110.4583082,210871.3481
2017-08-22T22:18:49.840Z,314.835,314.83,3.699178732,315,1.589945109,1.452796981,0.00152002,110.4583082,210871.3481
2017-08-22T22:18:51.830Z,314.835,314.83,3.671679732,315,1.589945109,1.46637598,0.00152002,110.4583082,210871.3481
2017-08-22T22:18:53.707Z,314.835,314.83,3.709178732,315,1.589945109,1.454749149,0.00152002,110.4583082,210871.3481
2017-08-22T22:18:55.833Z,314.835,314.83,3.709178732,315,1.589945109,1.430472334,0.00152002,110.4583082,210871.3481
2017-08-22T22:18:57.764Z,314.835,314.83,3.709178732,315,1.589945109,1.366967129,0.00152002,110.4583082,210871.3481
2017-08-22T22:18:59.655Z,314.835,314.83,3.709178732,315,1.589945109,1.349343557,,110.4583082,210871.3481
2017-08-22T22:19:01.880Z,314.985,314.83,3.109633698,315,1.582761252,1.390031902,44,110.4583082,210871.3481
2017-08-22T22:19:04.030Z,314.985,314.86,1.93793758,315,1.582508035,1.178665752,44,110.4583082,210871.3481
2017-08-22T22:19:06.152Z,314.985,314.64,1.846712962,315,1.582508035,1.153324138,44,110.4583082,210871.3481
2017-08-22T22:19:08.101Z,314.985,314.64,1.846712962,315,1.593258035,1.037471967,44,110.4583082,210871.3481
2017-08-22T22:19:10.058Z,314.985,314.39,2.28086699,315,1.594258035,1.260129191,44,110.4583082,210871.3481
2017-08-22T22:19:12.107Z,314.985,314.64,1.768012962,315,1.594242842,1.492825181,44,110.4583082,210871.3481
2017-08-22T22:19:14.365Z,314.985,314.4,2.78094538,315,1.594242842,1.189533698,44,110.4583082,210871.3481
2017-08-22T22:19:16.286Z,314.995,314.49,2.23136994,315,1.502194842,1.106146297,44,110.4583082,210871.3481
2017-08-22T22:19:18.280Z,314.995,314.49,2.23136994,315,1.502194842,1.19737442,44,110.4583082,210871.3481
2017-08-22T22:19:20.393Z,314.995,314.49,2.23136994,315,1.502194842,1.488720681,44,110.4583082,210871.3481
2017-08-22T22:19:22.409Z,314.995,314.53,2.70027856,316,1.167238701,1.511173049,44,110.4583082,210871.3481
2017-08-22T22:19:24.333Z,314.995,314.53,2.68577756,316,1.167238701,1.462673365,44,110.4583082,210871.3481
2017-08-22T22:19:26.255Z,314.995,314.57,2.71935611,316,1.667238701,1.31311076,44,110.4583082,210871.3481
2017-08-22T22:19:28.214Z,314.995,314.57,2.75685511,316,1.167238701,1.456525474,44,110.4583082,210871.3481
2017-08-22T22:19:30.177Z,314.995,314.64,2.727949392,316,1.167238701,1.576170753,44,110.4583082,210871.3481
2017-08-22T22:19:32.130Z,314.995,314.64,2.727949392,316,1.167238701,1.655989189,44,110.4583082,210871.3481
2017-08-22T22:19:34.137Z,314.995,314.64,2.727949392,316,1.667238701,1.443485023,44,110.4583082,210871.3481
2017-08-22T22:19:36.208Z,314.995,314.64,2.727949392,316,1.667238701,1.551667986,44,110.4583082,210871.3481
2017-08-22T22:19:38.169Z,314.995,314.64,2.727949392,316,1.667238701,1.581444218,44,110.4583082,210871.3481
2017-08-22T22:19:40.212Z,314.995,314.64,2.727949392,316,1.667238701,1.599799835,44,110.4583082,210871.3481
2017-08-22T22:19:42.227Z,314.995,314.64,2.727949392,316,1.167238701,1.64820037,44,110.4583082,210871.3481
2017-08-22T22:19:44.466Z,314.995,314.64,2.727949392,316,1.167238701,1.65380248,44,110.4583082,210871.3481
2017-08-22T22:19:46.565Z,314.995,314.73,1.72766025,316,1.167238701,1.662870901,44,110.4583082,210871.3481
2017-08-22T22:19:48.489Z,314.995,314.64,2.656317695,316,1.167238701,1.672557404,44,110.4583082,210871.3481
2017-08-22T22:19:50.535Z,314.995,314.64,2.727947116,316,1.167238701,1.915886368,44,110.4583082,210871.3481
2017-08-22T22:19:52.500Z,314.995,314.64,2.727947116,316,1.167238701,1.940640725,44,110.4583082,210871.3481
2017-08-22T22:19:54.652Z,314.995,314.64,2.727947116,316,1.167238701,2.007850682,44,110.4583082,210871.3481
2017-08-22T22:19:56.923Z,314.995,314.64,2.727947116,316,1.167238701,1.967137182,114.3319496,244.3920082,210871.3481
2017-08-22T22:19:59.004Z,314.995,314.64,2.727947116,316,1.167238701,1.966738575,,244.3920082,210871.3481
2017-08-22T22:20:01.170Z,314.995,314.67,2.842449635,316,1.667238701,1.684533406,114.3319496,244.3920082,210871.3481
2017-08-22T22:20:03.125Z,314.995,314.67,2.29995267,316,1.667238701,1.444895645,114.3319496,244.3920082,210871.3481
2017-08-22T22:20:05.962Z,314.995,314.67,2.727328612,316,1.167238701,1.478899632,,244.3920082,210871.3481
2017-08-22T22:20:07.871Z,314.995,313.71,1.96656965,316,1.167238701,1.536845664,114.3319496,244.3920082,210871.3481
2017-08-22T22:20:09.838Z,314.995,314.69,1.84713127,316,1.167238701,1.490853195,114.3319496,244.3920082,210871.3481
2017-08-22T22:20:11.798Z,314.995,314.69,1.84713127,316,1.667238701,1.404569056,114.3319496,244.3920082,210871.3481
2017-08-22T22:20:13.804Z,314.995,314.69,1.84713127,316,1.667238701,1.463936479,114.3319496,244.3920082,210871.3481
2017-08-22T22:20:15.847Z,314.995,314.01,1.72975751,316,1.167238701,2.011076089,,244.3920082,210871.3481
2017-08-22T22:20:17.834Z,314.995,314.39,2.608274595,316,1.167238701,1.908714287,114.3319496,244.3920082,210871.3481
2017-08-22T22:20:19.836Z,314.995,314.39,2.67956338,316,1.167238701,1.816597209,114.3319496,244.3920082,210871.3481
2017-08-22T22:20:21.808Z,314.995,314.39,2.67956338,316,1.167238701,1.753218492,114.3319496,244.3920082,210871.3481
2017-08-22T22:20:23.868Z,314.995,314.39,2.67956338,316,1.167238701,1.488052298,114.3319496,244.3920082,210871.3481
2017-08-22T22:20:25.800Z,314.995,314.39,2.67956338,316,1.167238701,1.543125105,114.3319496,244.3920082,210871.3481
2017-08-22T22:20:27.752Z,314.995,314.39,2.67956338,316,1.167238701,1.619100632,114.3319496,244.3920082,210871.3481
2017-08-22T22:20:29.704Z,314.995,314.39,2.67956338,315.85,1.365171214,1.469499351,114.3319496,244.3920082,210871.3481
2017-08-22T22:20:31.700Z,314.995,314.39,2.67956338,315.85,1.365171214,1.511801794,114.3319496,244.3920082,210871.3481
2017-08-22T22:20:33.657Z,314.995,314.39,2.67956338,316,1.167238701,1.530172541,114.3319496,244.3920082,210871.3481
2017-08-22T22:20:35.605Z,314.995,314.39,2.67956338,316,1.167238701,1.529773641,114.3319496,244.3920082,210871.3481
2017-08-22T22:20:37.568Z,314.995,314.39,2.67956338,316,1.167238701,1.570259627,114.3319496,244.3920082,210871.3481
2017-08-22T22:20:39.515Z,314.995,314.39,2.67956338,316,1.167238701,1.683136285,114.3319496,244.3920082,210871.3481
2017-08-22T22:20:41.594Z,314.995,314.39,2.67956338,316,1.667238701,1.403953338,114.3319496,244.3920082,210871.3481
2017-08-22T22:20:43.591Z,314.995,314.39,2.67956338,316,1.167238701,1.699422396,114.3319496,244.3920082,210871.3481
2017-08-22T22:20:45.493Z,314.995,314.62,2.483394489,316,1.667238701,1.314716268,114.3319496,244.3920082,210871.3481
2017-08-22T22:20:47.445Z,314.995,314.65,5.089662346,316,1.667238701,1.770613386,16.18293816,244.3920082,210871.3481
2017-08-22T22:20:49.480Z,314.995,314.68,2.13089286,316,1.167238701,1.589927613,16.18293816,244.3920082,210871.3481
2017-08-22T22:20:51.651Z,314.995,314.68,2.20589086,316,1.167238701,1.616014676,16.18293816,244.3920082,210871.3481
2017-08-22T22:20:53.769Z,314.995,314.68,2.16839186,316,1.167238701,1.61394883,16.18293816,244.3920082,210871.3481
2017-08-22T22:20:55.795Z,314.995,314.74,1.72767044,316,1.167238701,1.54004841,16.18293816,244.3920082,210871.3481
2017-08-22T22:20:57.785Z,314.995,314.7,1.76486046,316,1.667238701,1.433794996,16.18293816,244.3920082,210871.3481
2017-08-22T22:20:59.733Z,314.995,314.99,1.155725479,316,1.167238701,1.108112321,,,210871.3481
2017-08-22T22:21:01.823Z,314.995,314.01,1.72975751,316,1.467238701,1.292915488,16.18293816,244.3920082,210871.3481
2017-08-22T22:21:03.743Z,314.995,314.01,2.72975751,316,1.467238701,1.395330272,16.18293816,244.3920082,210871.3481
2017-08-22T22:21:05.714Z,314.995,314.01,2.72975751,316,1.467238701,1.375077665,16.18293816,244.3920082,210871.3481
2017-08-22T22:21:07.743Z,314.995,314.01,2.92955751,316,1.467238701,1.40865264,16.18293816,244.3920082,210871.3481
2017-08-22T22:21:09.606Z,314.995,314.01,2.75224251,316,1.467238701,1.391176588,16.18293816,244.3920082,210871.3481
2017-08-22T22:21:11.607Z,314.995,314.01,2.75224251,316,1.467238701,1.51863752,16.18293816,244.3920082,210871.3481
2017-08-22T22:21:13.694Z,314.995,314.01,2.75224251,316,1.967238701,1.310290086,16.18293816,244.3920082,210871.3481
2017-08-22T22:21:15.807Z,314.995,314.01,2.75224251,316,1.967238701,1.296353938,16.18293816,244.3920082,210871.3481
2017-08-22T22:21:17.754Z,314.995,314.01,2.75224251,316,1.967238701,1.350000811,16.18293816,244.3920082,210871.3481
2017-08-22T22:21:20.060Z,314.995,314.01,2.75224251,316,1.467238701,1.356048505,16.18293816,244.3920082,210871.3481
2017-08-22T22:21:23.578Z,314.995,314.01,2.75224251,316,1.467238701,1.384684,16.18293816,244.3920082,210871.3481
2017-08-22T22:21:25.639Z,314.995,314.03,2.63241866,316,1.467238701,1.268153646,16.18293816,244.3920082,210871.3481
2017-08-22T22:21:27.549Z,314.995,314.01,2.25224251,316,1.467238701,1.181743704,16.18293816,244.3920082,210871.3481
2017-08-22T22:21:29.492Z,314.995,314.01,2.25224251,316,1.661571424,1.283715666,16.18293816,244.3920082,210871.3481
2017-08-22T22:21:31.622Z,314.995,314.01,2.25224251,316,1.467238701,1.452880524,9.54688501,244.3920082,210871.3481
2017-08-22T22:21:33.644Z,314.995,314.01,2.72975751,316,1.467238701,1.359163695,9.54688501,244.3920082,210871.3481
2017-08-22T22:21:35.729Z,314.995,314.01,2.74830751,316,1.967238701,1.269890168,,244.3920082,210871.3481
2017-08-22T22:21:37.916Z,314.995,314.01,2.74830751,316,1.967238701,1.201604012,9.54688501,244.3920082,210871.3481
2017-08-22T22:21:39.931Z,314.995,314.01,2.74830751,316,1.967238701,1.16886463,9.54688501,244.3920082,210871.3481
2017-08-22T22:21:41.920Z,314.995,314.01,2.74830751,316,1.772905977,1.136118946,9.54688501,244.3920082,210871.3481
2017-08-22T22:21:43.893Z,314.995,314.01,2.72975751,316,1.467238701,1.219739507,9.54688501,244.3920082,210871.3481
2017-08-22T22:21:46.039Z,314.995,314.17,3.4455309,316,1.467238701,1.563926876,9.54688501,244.3920082,210871.3481
2017-08-22T22:21:48.025Z,314.995,314.26,2.659230745,316,1.467238701,1.55003201,9.54688501,244.3920082,210871.3481
2017-08-22T22:21:50.045Z,314.995,314.26,2.72896026,316,1.467238701,1.323764555,9.54688501,244.3920082,210871.3481
2017-08-22T22:21:53.148Z,314.995,314.26,2.72896026,316,1.467238701,1.335819714,9.54688501,244.3920082,210871.3481
2017-08-22T22:21:55.896Z,314.995,314.26,2.628740745,316,1.467238701,1.203635668,9.54688501,244.3920082,210871.3481
2017-08-22T22:21:57.835Z,314.995,314.26,2.628740745,316,1.467238701,1.194433165,9.54688501,244.3920082,210871.3481
2017-08-22T22:21:59.925Z,314.995,314.26,2.628740745,316,1.467238701,1.252527807,,,210871.3481
2017-08-22T22:22:01.896Z,314.995,314.26,2.628740745,316,1.467238701,1.22094099,9.54688501,244.3920082,210871.3481
2017-08-22T22:22:03.933Z,314.995,314.26,2.69847026,316,1.467238701,1.326990377,9.54688501,244.3920082,210871.3481
2017-08-22T22:22:05.857Z,314.995,314.26,2.69847026,316,1.467238701,1.372070672,9.54688501,244.3920082,210871.3481
2017-08-22T22:22:07.820Z,314.995,314.26,2.69847026,316,1.467238701,1.312243982,9.54688501,244.3920082,210871.3481
2017-08-22T22:22:09.925Z,314.995,314.26,2.71847026,316,1.467238701,1.283436563,9.54688501,244.3920082,210871.3481
2017-08-22T22:22:11.928Z,314.995,314.28,2.698701979,316,1.967238701,1.649012034,9.54688501,244.3920082,210871.3481
2017-08-22T22:22:14.044Z,314.995,314.28,2.698841979,316,1.967238701,1.415059633,9.54688501,244.3920082,210871.3481
2017-08-22T22:22:16.138Z,314.995,314.28,2.698841979,316,1.967238701,1.43763598,9.54688501,244.3920082,210871.3481
2017-08-22T22:22:18.229Z,314.995,314.28,2.698841979,316,1.967238701,1.319694242,9.54688501,244.3920082,210871.3481
2017-08-22T22:22:20.543Z,314.995,314.28,2.768567057,316,1.467238701,1.361355687,9.54688501,244.3920082,210871.3481
2017-08-22T22:22:22.606Z,314.995,314.28,2.748917057,316,1.467238701,1.36244883,0.00151925,244.3920082,210871.3481
2017-08-22T22:22:24.737Z,314.995,314.29,2.730545467,316,1.467238701,1.564815753,0.00151925,121.3352534,210871.3481
2017-08-22T22:22:26.933Z,314.995,314.32,4.370153078,316,1.661571424,1.336908087,0.00151925,121.3352534,210871.3481
2017-08-22T22:22:28.947Z,314.995,314.32,4.370153078,316,1.467238701,1.811476141,,121.3352534,210871.3481
2017-08-22T22:22:30.873Z,314.995,314.32,4.370153078,316,1.467238701,1.812464339,0.00151925,121.3352534,210871.3481
2017-08-22T22:22:32.895Z,314.995,314.32,4.370153078,316,1.467238701,1.813366208,0.00151925,121.3352534,210871.3481
2017-08-22T22:22:34.896Z,314.995,314.32,4.388869282,316,1.467238701,1.706115734,0.00151925,121.3352534,210871.3481
2017-08-22T22:22:36.841Z,314.995,314.32,4.388869282,316,1.967238701,1.70592322,0.00151925,121.3352534,210871.3481
2017-08-22T22:22:39.090Z,314.995,314.32,4.388869282,316,1.967238701,1.701399136,0.00151925,121.3352534,210871.3481
2017-08-22T22:22:41.113Z,314.995,314.32,4.319153078,316,1.467238701,1.787900341,0.00151925,121.3352534,210871.3481
2017-08-22T22:22:43.099Z,314.995,314.32,4.319153078,316,1.467238701,1.795793916,0.00151925,121.3352534,210871.3481
2017-08-22T22:22:45.157Z,314.995,314.32,4.319153078,316,1.467238701,1.782206548,0.00151925,121.3352534,210871.3481
2017-08-22T22:22:47.115Z,314.995,314.32,4.319153078,316,1.467238701,1.791335309,0.00151925,121.3352534,210871.3481
2017-08-22T22:22:49.055Z,314.995,314.32,4.388869282,315,1.209976627,1.584397595,0.00151925,121.3352534,210871.3481
2017-08-22T22:22:50.961Z,314.995,314.01,1.72965751,315.97,2.65421454,0.712184198,0.00151925,121.3352534,210871.3481
2017-08-22T22:22:53.293Z,314.995,313.71,1.85736965,315.97,2.15421454,0.782658073,0.00151925,121.3352534,210871.3481
2017-08-22T22:22:55.247Z,314.995,313.71,1.85736965,315.97,2.65421454,0.719257332,0.00151925,121.3352534,210871.3481
2017-08-22T22:22:57.153Z,314.995,313.71,2.787996033,315.97,2.15421454,0.707919547,0.00151925,121.3352534,210871.3481
2017-08-22T22:22:59.085Z,314.995,314.01,2.65987248,315,2.275668631,0.633897463,,121.3352534,210871.3481
2017-08-22T22:23:01.373Z,314.995,314.01,2.78679248,315,2.237314631,0.496778343,0.00151925,121.3352534,210871.3481
2017-08-22T22:23:03.638Z,314.995,314.03,4.485801966,315,2.237314631,0.75135483,0.00151925,121.3352534,210871.3481
2017-08-22T22:23:05.610Z,314.995,314.06,2.7294812,315,2.238864431,0.538408055,0.00151925,121.3352534,210871.3481
2017-08-22T22:23:07.550Z,314.995,314.06,1.72967672,315,2.238864431,0.666963917,0.00151925,121.3352534,210871.3481
2017-08-22T22:23:09.578Z,314.995,314.06,1.72967672,315,2.234894431,0.554016723,0.00151925,121.3352534,210871.3481
2017-08-22T22:23:11.576Z,314.995,314.06,1.74227672,315,2.234894431,0.588156438,0.00151925,121.3352534,210871.3481
2017-08-22T22:23:13.577Z,314.995,314.17,2.733709587,315,2.234894431,0.54916932,4.2324,121.3352534,210871.3481
2017-08-22T22:23:15.576Z,314.995,314.17,2.733709587,315,2.234894431,0.514875448,4.2324,121.3352534,210871.3481
2017-08-22T22:23:17.602Z,314.995,314.18,3.91243252,315,2.234879238,0.640322807,4.2324,121.3352534,210871.3481
2017-08-22T22:23:19.636Z,314.995,314.18,4.358399327,315,2.234879238,0.67148527,4.2324,121.3352534,210871.3481
2017-08-22T22:23:21.961Z,314.995,314.18,4.358399327,315,2.234879238,0.681030484,4.2324,121.3352534,210871.3481
2017-08-22T22:23:24.186Z,314.995,314.18,5.03808376,315,2.234879238,0.735673562,4.2324,121.3352534,210871.3481
2017-08-22T22:23:26.586Z,314.995,314.18,5.03808376,315,2.234879238,0.724854256,4.2324,121.3352534,210871.3481
2017-08-22T22:23:29.146Z,314.995,314.18,5.03808376,315,2.233379238,0.723606556,4.2324,121.3352534,210871.3481
2017-08-22T22:23:31.598Z,314.995,314.18,5.03808376,315.89,4.780756936,0.760494482,4.2324,121.3352534,210871.3481
2017-08-22T22:23:33.491Z,314.995,314.2,1.194170256,315.89,2.845393283,0.413733475,4.2324,121.3352534,210871.3481
2017-08-22T22:23:35.630Z,314.995,314.01,0.5503,315.89,2.845393283,0.378437905,4.2324,121.3352534,210871.3481
2017-08-22T22:23:37.655Z,314.995,314.01,1.1772,315.89,2.845393283,0.414589704,4.2324,121.3352534,210871.3481
2017-08-22T22:23:39.620Z,314.995,314.01,1.0503,315.77,2.2329847,0.473950362,4.2324,121.3352534,210871.3481
2017-08-22T22:23:41.591Z,314.995,314.01,1.0503,315.77,2.2329847,0.504132266,4.2324,121.3352534,210871.3481
2017-08-22T22:23:43.663Z,314.995,314.01,1.0503,315.77,2.2329847,0.522475081,4.2324,121.3352534,210871.3481
2017-08-22T22:23:45.733Z,314.995,314.01,1.0503,315.77,2.422533463,0.577467554,4.2324,121.3352534,210871.3481
2017-08-22T22:23:47.690Z,314.995,314.01,1.0503,315.77,2.422533463,0.579418351,4.2324,121.3352534,210871.3481
2017-08-22T22:23:50.541Z,314.995,314.02,2.621462201,316,1.467238701,1.038623084,4.2324,121.3352534,210871.3481
2017-08-22T22:23:52.519Z,314.995,314.02,2.621462201,316,1.467238701,1.05513038,4.2324,121.3352534,210871.3481
2017-08-22T22:23:54.474Z,314.995,314.02,2.621462201,316,1.967238701,0.969690238,4.2324,121.3352534,210871.3481
2017-08-22T22:23:56.462Z,314.995,314.17,2.543487642,316,1.467238701,1.01923167,4.2324,121.3352534,210871.3481
2017-08-22T22:23:58.464Z,314.995,314.17,2.543487642,316,1.772905977,1.085509254,4.2324,121.3352534,210871.3481
2017-08-22T22:23:60.514Z,314.995,314.17,2.543487642,316,1.467238701,1.235982127,4.2324,,210871.3481
2017-08-22T22:24:02.611Z,314.995,314.17,2.543487642,316,1.467238701,1.226346458,12.86789854,121.3352534,210871.3481
2017-08-22T22:24:04.585Z,314.995,314.17,2.76618066,316,1.661571424,1.197295839,12.86789854,121.3352534,210871.3481
2017-08-22T22:24:06.594Z,314.995,314.21,2.22937065,316,1.467238701,1.211556778,12.86789854,121.3352534,210871.3481
2017-08-22T22:24:08.691Z,314.995,314.21,2.72937065,316,1.661571424,1.230704146,12.86789854,121.3352534,210871.3481
2017-08-22T22:24:10.721Z,314.995,314.21,2.72937065,316,1.661571424,1.108578223,12.86789854,121.3352534,210871.3481
2017-08-22T22:24:12.716Z,314.995,314.21,2.72937065,316,1.967238701,1.128407741,12.86789854,121.3352534,210871.3481
2017-08-22T22:24:14.758Z,314.995,314.21,2.69922065,316,1.967238701,1.159104345,12.86789854,121.3352534,210871.3481
2017-08-22T22:24:16.734Z,314.995,314.21,1.78603965,316,1.967238701,1.600317007,12.86789854,121.3352534,210871.3481
2017-08-22T22:24:18.822Z,314.995,314.25,2.658918248,316,1.967238701,1.255883029,12.86789854,121.3352534,210871.3481
2017-08-22T22:24:21.128Z,314.995,314.25,2.729252358,316,1.772905977,1.408927983,12.86789854,121.3352534,210871.3481
2017-08-22T22:24:23.314Z,314.995,314.25,2.729252358,316,1.772905977,1.380717826,12.86789854,121.3352534,210871.3481
2017-08-22T22:24:25.469Z,314.995,314.33,2.733159011,316,1.772905977,1.560674309,12.86789854,121.3352534,210871.3481
2017-08-22T22:24:27.546Z,314.995,314.33,2.662856465,316,1.967238701,1.496407635,12.86789854,121.3352534,210871.3481
2017-08-22T22:24:29.827Z,314.995,314.33,2.662856465,316,1.467238701,1.433623228,12.86789854,121.3352534,210871.3481
2017-08-22T22:24:31.872Z,314.995,314.33,2.662856465,316,1.967238701,1.319436263,12.86789854,121.3352534,210871.3481
2017-08-22T22:24:33.960Z,314.995,314.33,2.710046774,316,1.467238701,1.127518402,12.86789854,121.3352534,210871.3481
2017-08-22T22:24:35.891Z,314.995,314.33,2.710046774,316,1.467238701,1.168701977,12.86789854,121.3352534,210871.3481
2017-08-22T22:24:38.018Z,314.995,314.33,2.710046774,316,1.467238701,1.139925671,12.86789854,121.3352534,210871.3481
2017-08-22T22:24:40.017Z,314.995,314.33,2.698726774,316,1.467238701,1.057032887,12.86789854,121.3352534,210871.3481
2017-08-22T22:24:41.970Z,314.995,313.71,2.01636965,316,1.467238701,1.508570432,12.86789854,121.3352534,210871.3481
2017-08-22T22:24:43.883Z,314.995,313.71,1.85706965,316,1.467238701,1.020678698,12.86789854,121.3352534,210871.3481
2017-08-22T22:24:45.810Z,314.995,313.71,1.85706965,316,1.772905977,1.316176714,12.86789854,121.3352534,210871.3481
2017-08-22T22:24:47.830Z,314.995,313.71,1.87939765,316,1.467238701,1.376995582,12.86789854,121.3352534,210871.3481
2017-08-22T22:24:49.938Z,314.995,314.02,1.72966772,316,1.467238701,1.173934492,12.86789854,121.3352534,210871.3481
2017-08-22T22:24:51.844Z,314.995,314.21,2.729288855,316,1.467238701,1.335106423,12.86789854,121.3352534,210871.3481
2017-08-22T22:24:54.074Z,314.995,314.21,2.729288855,316,1.467238701,1.376836874,36.21268132,185.2376714,210871.3481
2017-08-22T22:24:56.678Z,314.995,314.21,2.159234444,316,1.772905977,1.185003701,36.21268132,185.2376714,210871.3481
2017-08-22T22:24:58.766Z,314.995,314.21,2.659234444,316,1.467238701,1.371876435,36.21268132,185.2376714,210871.3481
2017-08-22T22:24:60.730Z,314.995,314.21,2.659234444,316,1.467238701,1.290327699,36.21268132,,210871.3481
2017-08-22T22:25:02.669Z,314.995,314.21,2.659234444,316,1.467238701,1.258766406,36.21268132,185.2376714,210871.3481
2017-08-22T22:25:04.649Z,314.995,314.21,2.299422831,316,1.967238701,1.23841336,36.21268132,185.2376714,210871.3481
2017-08-22T22:25:06.571Z,314.995,314.21,2.268842831,316,1.467238701,1.28637129,36.21268132,185.2376714,210871.3481
2017-08-22T22:25:08.737Z,314.995,314.21,2.268842831,316,1.467238701,1.247203665,36.21268132,185.2376714,210871.3481
2017-08-22T22:25:10.733Z,314.995,314.99,1.690763757,316,1.467238701,1.187119059,36.21268132,185.2376714,210871.3481
2017-08-22T22:25:12.744Z,314.995,314.99,1.690763757,316,1.467238701,1.301108614,36.21268132,185.2376714,210871.3481
2017-08-22T22:25:14.591Z,315.11,314.21,2.69212065,316,1.772905977,1.14725883,36.21268132,185.2376714,210871.3481
2017-08-22T22:25:16.607Z,315.155,314.21,2.69212065,316,1.772905977,1.134403181,36.21268132,185.2376714,210871.3481
2017-08-22T22:25:18.618Z,315.185,314.21,2.69212065,316,1.772905977,1.300776309,36.21268132,185.2376714,210871.3481
2017-08-22T22:25:20.685Z,315.185,314.21,2.620884221,316,1.467238701,1.482886335,36.21268132,185.2376714,210871.3481
2017-08-22T22:25:22.729Z,315.185,314.21,1.75946223,316,1.467238701,1.231541197,36.21268132,185.2376714,210871.3481
2017-08-22T22:25:24.852Z,315.185,314.22,2.216571107,316,1.467238701,1.321338017,36.21268132,185.2376714,210871.3481
2017-08-22T22:25:26.864Z,315.185,314.22,2.286768724,316.22,2.07822386,0.847086624,36.21268132,185.2376714,210871.3481
2017-08-22T22:25:28.921Z,315.235,314.22,2.286768724,316.22,2.579590139,0.756306702,36.21268132,185.2376714,210871.3481
2017-08-22T22:25:30.981Z,315.275,314.25,1.74807495,316.22,2.579590139,0.820620822,36.21268132,185.2376714,210871.3481
2017-08-22T22:25:33.050Z,315.275,313.72,1.83728171,316.22,2.579590139,0.824014772,36.21268132,185.2376714,210871.3481
2017-08-22T22:25:35.184Z,315.275,313.72,1.85558171,315.99,4.075251451,0.542383211,36.21268132,185.2376714,210871.3481
2017-08-22T22:25:37.210Z,315.275,313.72,1.85558171,316,1.967238701,0.994720315,36.21268132,185.2376714,210871.3481
2017-08-22T22:25:39.360Z,315.275,313.71,1.85557145,316,1.967238701,1.10419243,36.21268132,185.2376714,210871.3481
2017-08-22T22:25:41.420Z,315.275,314.01,1.72816074,316,1.467238701,1.087297663,36.21268132,185.2376714,210871.3481
2017-08-22T22:25:43.599Z,315.505,314.02,1.728171,316,1.467238701,1.183982827,87.39189151,185.2376714,210871.3481
2017-08-22T22:25:45.751Z,315.505,314.02,1.728171,316,1.772905977,1.214552493,87.39189151,185.2376714,210871.3481
2017-08-22T22:25:47.826Z,315.555,314.02,1.728171,316,1.772905977,1.104023111,87.39189151,185.2376714,210871.3481
2017-08-22T22:25:49.916Z,315.565,313.71,1.88693525,316,1.967238701,1.201544715,87.39189151,185.2376714,210871.3481
2017-08-22T22:25:52.264Z,315.705,314.01,1.72663213,316.72,2.53221088,0.9741872,87.39189151,185.2376714,210871.3481
2017-08-22T22:25:54.519Z,315.705,314.01,1.72663213,316.72,2.03221088,0.881540637,87.39189151,185.2376714,210871.3481
2017-08-22T22:25:56.891Z,315.705,314.01,1.72663213,316.22,3.579590139,0.86857989,87.39189151,185.2376714,210871.3481
2017-08-22T22:25:59.143Z,315.705,314.01,1.72663213,316.19,2.384812047,0.927530891,,185.2376714,210871.3481
2017-08-22T22:26:01.256Z,315.705,314.01,1.72663213,316.17,4.363140368,0.761566512,87.39189151,185.2376714,210871.3481
2017-08-22T22:26:03.309Z,315.705,314.01,1.75267913,316.17,2.461553828,0.92893851,87.39189151,185.2376714,210871.3481
2017-08-22T22:26:05.438Z,315.705,314.01,1.75267913,316.17,2.655886551,0.892324736,87.39189151,185.2376714,210871.3481
2017-08-22T22:26:07.959Z,315.745,314.01,1.75267913,316.17,2.65496832,0.735417861,87.39189151,185.2376714,210871.3481
2017-08-22T22:26:10.378Z,315.745,314.99,1.06342926,316.74,2.085028581,0.51411596,87.39189151,185.2376714,210871.3481
2017-08-22T22:26:12.911Z,315.745,314.17,1.82220192,316.74,2.085028581,0.812849609,87.39189151,185.2376714,210871.3481
2017-08-22T22:26:14.905Z,315.745,314.17,1.88150192,316.74,2.085028581,0.727580457,87.39189151,185.2376714,210871.3481
2017-08-22T22:26:16.951Z,315.745,314.17,1.88150192,316.74,2.085028581,0.754977483,87.39189151,185.2376714,210871.3481
2017-08-22T22:26:18.948Z,315.775,314.17,1.84558792,316.74,2.390695857,0.6091076,87.39189151,185.2376714,210871.3481
2017-08-22T22:26:20.904Z,315.775,314.17,1.84558792,316.72,2.03221088,0.850080064,87.39189151,185.2376714,210871.3481
2017-08-22T22:26:22.603Z,315.775,314.17,1.84558792,316.72,2.03221088,0.752940282,87.39189151,185.2376714,210871.3481
